quintile,RRinc
0,0.21368573465402638
1,0.3907159252837659
2,0.41927214742748725
3,0.4593121195960419
4,0.5096452902843601
5,0.4965192704079647
6,0.5263335704125179
7,0.6383463864379894
8,0.6639161462979483
9,0.6912062276330313
10,0.7952932616682123
11,0.7311852171316228
12,0.5941692185875237
13,0.5337661837081638
14,0.28376400718358713
15,0.047389178467641534
16,-0.013710897055573048
17,0.07035270855970371
18,0.18253197359156048
19,0.37828988576970785
