quintile,RRinc
0,0.2845316376779237
1,0.2808827134386981
2,0.3416380166282114
3,0.3732425220058153
4,0.42411805798113866
5,0.40759030635573834
6,0.40939211642783035
7,0.4717114394860645
8,0.4663289153540785
9,0.5051280802736787
10,0.504387162590358
11,0.5505437719575481
12,0.554757493118968
13,0.5761718990797412
14,0.4146067206741981
15,0.2261053591267212
16,0.10152867389949517
17,0.05745669558855671
18,0.14235146338991747
19,0.252643457618497
